distal_mismatches,mean,sem
1,0.942360841,0.034813879
2,1.020150494,0.014165439
3,0.092666364,0.034333999
4,0.046978236,0.003544447
5,0.044311655,0.008424985
